uid,formula,family,target_gap_eV,constrained_rmse_eV,constrained_wrmse_eV,constrained_gap_error_meV,nogap_rmse_eV,nogap_wrmse_eV,nogap_gap_error_meV,nogap_model_gap_eV,constrained_model_gap_eV
1MoS2-1,MoS2,2H-TMD,1.6479769945145413,0.5266516793567569,0.46329584148205677,-0.02059451454128336,0.42546491056678915,0.34415568074954755,-320.660794514541,1.3273162000000003,1.6479564
1WS2-1,S2W,2H-TMD,1.8160470724107813,0.6435733036630537,0.5955964594463997,-0.4380724107810874,0.6270554922838292,0.5724422815935534,-1117.6004724107809,0.6984466000000005,1.8156090000000003
1MoSe2-1,MoSe2,2H-TMD,1.432965159416308,0.587652019324263,0.5230005589472791,0.9428405836908738,0.7057444239444055,0.661204739771811,-517.5961594163078,0.9153690000000001,1.4339079999999989
1WSe2-1,Se2W,2H-TMD,1.55325001478212,0.9075240834822565,0.8592080553880805,0.13438521788056157,0.4632929875613118,0.450767144334241,-39.487514782119646,1.5137625000000003,1.5533844000000006
1MoTe2-1,MoTe2,2H-TMD,1.0771005898714987,0.8471659814387897,0.8036851634812405,-1.0010898714989391,0.42684947630849546,0.40067961234098115,-562.7572898714985,0.5143433000000002,1.0760994999999998
1WTe2-1,Te2W,2H-TMD,1.076110631227653,0.9062496799521876,0.8381949244380268,0.006068772347100904,0.5891180130584268,0.5165652205158349,832.1341687723474,1.9082448000000003,1.0761167
1BN-1,BN,III-V,4.672163486480858,1.445425387406832,1.4643192596133328,-0.4843864808572462,1.2684818166936542,1.1820031472349455,1457.1335135191398,6.1292969999999976,4.6716791
1AlN-1,AlN,III-V,2.895660877227804,0.7641056352614153,0.7081016965523359,0.007122772196499483,0.5406162251032517,0.5204297590179596,1202.301122772195,4.097961999999999,2.8956680000000006
1GaN-1,GaN,III-V,1.880743503570581,0.6289430821830949,0.6487497760023629,0.5224964294208156,0.5500745490188437,0.6123613322495667,925.7494964294186,2.8064929999999997,1.8812660000000019
1InN-1,InN,III-V,0.6272280216217201,0.8110251084847991,0.7873971739132871,0.02797837828083516,0.4822864498335833,0.48633983083106697,787.4599783782799,1.414688,0.6272560000000009
2GaS-1,Ga2S2,III-VI,2.320700788497955,0.6921940019797438,0.6652544071564727,0.10511150204406405,0.4732171315492668,0.46127533912742186,-678.4210884979553,1.6422796999999996,2.320805899999999
2GaSe-1,Ga2Se2,III-VI,1.785308766365047,0.8575601855581413,0.8644188628871528,-0.2487663650474481,0.5622909132496338,0.5555859569007646,858.6056336349528,2.6439144,1.7850599999999996
2InSe-1,In2Se2,III-VI,1.4297271251678563,0.6778498532654206,0.644385845333593,-3.0171251678563493,0.5726820719507839,0.5601234653074593,537.2368748321428,1.966963999999999,1.42671
1SnS2-1,S2Sn,1T-MX2,1.585948991775629,0.5358862750254771,0.48154156715081253,0.43210822437145247,0.27151190781872286,0.2386934743528783,-180.11719177562946,1.4058317999999996,1.5863811000000005
1SnSe2-1,Se2Sn,1T-MX2,0.8018937587739328,0.605706989066297,0.6358067725129333,-0.27775877393176884,0.25575707892009936,0.23827756446318124,-117.19005877393273,0.6847037,0.801616000000001
1ZrS2-1,S2Zr,1T-MX2,1.203669428825484,0.5725324385134121,0.563069878168821,-2.4691288254838906,0.3984180650850205,0.37693388268687283,414.2725711745172,1.617942000000001,1.2012003
1TiS2-1,S2Ti,1T-MX2,0.06114101409925765,0.5490455750418358,0.5995316989881984,-2.9925140992561605,0.3327380325717644,0.30129985645840074,14.257185900742764,0.07539820000000041,0.05814850000000149
1PtSe2-1,PtSe2,1T-MX2,1.3484967827797565,0.63073589583556,0.6551105159493404,0.14421722024415828,0.661577789037884,0.6457407238441824,1134.1104172202422,2.4826071999999986,1.3486410000000006
1PdSe2-1,PdSe2,1T-MX2,0.7069258093833631,0.7798978928575048,0.7857359816526764,0.6352906166363637,0.4357132905053007,0.4724338187058724,1323.3713906166367,2.0302971999999997,0.7075610999999995
2GeS-1,Ge2S2,IV-VI,1.7372998356819185,0.3459961340509507,0.3349002007119953,0.5915643180802732,0.27975166055853423,0.3013395364197297,666.5904643180811,2.4038902999999996,1.7378913999999988
