database,id,name_or_formula,family_or_prototype,reference,gap_eV,source
C2DB,1MoS2-1,MoS2,2H-TMD,PBE no SOC,1.6479769945144653,https://c2db.fysik.dtu.dk/material/1MoS2-1
C2DB,1WS2-1,S2W,2H-TMD,PBE no SOC,1.8160470724105835,https://c2db.fysik.dtu.dk/material/1WS2-1
C2DB,1MoSe2-1,MoSe2,2H-TMD,PBE no SOC,1.4329651594161987,https://c2db.fysik.dtu.dk/material/1MoSe2-1
C2DB,1WSe2-1,Se2W,2H-TMD,PBE no SOC,1.553250014781952,https://c2db.fysik.dtu.dk/material/1WSe2-1
C2DB,1MoTe2-1,MoTe2,2H-TMD,PBE no SOC,1.0771005898714066,https://c2db.fysik.dtu.dk/material/1MoTe2-1
C2DB,1WTe2-1,Te2W,2H-TMD,PBE no SOC,1.0761106312274933,https://c2db.fysik.dtu.dk/material/1WTe2-1
C2DB,1BN-1,BN,III-V,PBE no SOC,4.672163486480713,https://c2db.fysik.dtu.dk/material/1BN-1
C2DB,1AlN-1,AlN,III-V,PBE no SOC,2.895660877227783,https://c2db.fysik.dtu.dk/material/1AlN-1
C2DB,1GaN-1,GaN,III-V,PBE no SOC,1.8807435035705566,https://c2db.fysik.dtu.dk/material/1GaN-1
C2DB,1InN-1,InN,III-V,PBE no SOC,0.6272280216217041,https://c2db.fysik.dtu.dk/material/1InN-1
C2DB,2GaS-1,Ga2S2,III-VI,PBE no SOC,2.3206729888916016,https://c2db.fysik.dtu.dk/material/2GaS-1
C2DB,2GaSe-1,Ga2Se2,III-VI,PBE no SOC,1.7852336168289185,https://c2db.fysik.dtu.dk/material/2GaSe-1
C2DB,2InSe-1,In2Se2,III-VI,PBE no SOC,1.4297109842300415,https://c2db.fysik.dtu.dk/material/2InSe-1
C2DB,1SnS2-1,S2Sn,1T-MX2,PBE no SOC,1.5859466791152954,https://c2db.fysik.dtu.dk/material/1SnS2-1
C2DB,1SnSe2-1,Se2Sn,1T-MX2,PBE no SOC,0.8018895387649536,https://c2db.fysik.dtu.dk/material/1SnSe2-1
C2DB,1ZrS2-1,S2Zr,1T-MX2,PBE no SOC,1.2036694288253784,https://c2db.fysik.dtu.dk/material/1ZrS2-1
C2DB,1TiS2-1,S2Ti,1T-MX2,PBE no SOC,0.061141014099121094,https://c2db.fysik.dtu.dk/material/1TiS2-1
C2DB,1PtSe2-1,PtSe2,1T-MX2,PBE no SOC,1.3481903076171875,https://c2db.fysik.dtu.dk/material/1PtSe2-1
C2DB,1PdSe2-1,PdSe2,1T-MX2,PBE no SOC,0.7065991163253784,https://c2db.fysik.dtu.dk/material/1PdSe2-1
C2DB,2GeS-1,Ge2S2,IV-VI,PBE no SOC,1.7372435331344604,https://c2db.fysik.dtu.dk/material/2GeS-1
JARVIS-DFT,JVASP-91,C2,diamond,JARVIS-DFT OPT-Bandst (VASP),4.374600000000001,https://www.ctcms.nist.gov/~knc6/jsmol/JVASP-91
JARVIS-DFT,JVASP-1002,Si2,diamond,JARVIS-DFT OPT-Bandst (VASP),0.6555999999999997,https://www.ctcms.nist.gov/~knc6/jsmol/JVASP-1002
JARVIS-DFT,JVASP-890,Ge2,diamond,JARVIS-DFT OPT-Bandst (VASP),-0.10709999999999997,https://www.ctcms.nist.gov/~knc6/jsmol/JVASP-890
JARVIS-DFT,JVASP-8158,CSi,zincblende,JARVIS-DFT OPT-Bandst (VASP),1.463400000000001,https://www.ctcms.nist.gov/~knc6/jsmol/JVASP-8158
JARVIS-DFT,JVASP-1174,AsGa,zincblende,JARVIS-DFT OPT-Bandst (VASP),0.046800000000000175,https://www.ctcms.nist.gov/~knc6/jsmol/JVASP-1174
JARVIS-DFT,JVASP-7836,BN,zincblende,JARVIS-DFT OPT-Bandst (VASP),4.622699999999999,https://www.ctcms.nist.gov/~knc6/jsmol/JVASP-7836
JARVIS-DFT,JVASP-116,MgO,rocksalt,JARVIS-DFT OPT-Bandst (VASP),5.0198,https://www.ctcms.nist.gov/~knc6/jsmol/JVASP-116
JARVIS-DFT,JVASP-23862,ClNa,rocksalt,JARVIS-DFT OPT-Bandst (VASP),5.2618,https://www.ctcms.nist.gov/~knc6/jsmol/JVASP-23862
