dimension,id,stock_rmse_eV
2D,1MoS2-1,9.02603894552863
2D,1WS2-1,7.818688885163261
2D,1MoSe2-1,10.242345867416976
2D,1WSe2-1,8.950070616524304
2D,1MoTe2-1,11.458309282902919
2D,1WTe2-1,9.893861651893632
2D,1BN-1,19.295302752761742
2D,1AlN-1,17.025574277258855
2D,1GaN-1,11.918705666316777
2D,1InN-1,10.55363374556319
2D,2GaS-1,8.678973449825737
2D,2GaSe-1,9.5386833983203
2D,2InSe-1,8.415479161170358
2D,1SnS2-1,4.3336146468345955
2D,1SnSe2-1,5.674023668955245
2D,1ZrS2-1,6.0375013100952195
2D,1TiS2-1,70.82683502739737
2D,1PtSe2-1,6.269910506931609
2D,1PdSe2-1,7.239537309637858
2D,2GeS-1,1.1959649090600624
3D,JVASP-91,15.278775855627737
3D,JVASP-1002,26.31973100503459
3D,JVASP-890,4.134739115150549
3D,JVASP-8158,17.010889754758896
3D,JVASP-1174,9.657217910656621
3D,JVASP-7836,12.62426687754217
3D,JVASP-116,22.48648029414679
3D,JVASP-23862,65.07565860601655
